{
    "amounts": {
        "consumidor": 590,
        "reclameaqui": 30000
    },
    "count_dates": {
        "consumidor": {
            "5/2020": 270,
            "6/2020": 271,
            "7/2020": 49
        },
        "reclameaqui": {
            "1/2019": 869,
            "1/2020": 1466,
            "10/2018": 573,
            "10/2019": 1515,
            "11/2018": 699,
            "11/2019": 1377,
            "12/2018": 695,
            "12/2019": 1421,
            "2/2019": 692,
            "2/2020": 1531,
            "3/2019": 748,
            "3/2020": 1324,
            "4/2018": 254,
            "4/2019": 866,
            "4/2020": 1606,
            "5/2018": 693,
            "5/2019": 1284,
            "5/2020": 1724,
            "6/2018": 560,
            "6/2019": 1079,
            "6/2020": 1419,
            "7/2018": 647,
            "7/2019": 1359,
            "7/2020": 1356,
            "8/2018": 1036,
            "8/2019": 1290,
            "9/2018": 712,
            "9/2019": 1205
        }
    },
    "count_states": {
        " C": 1,
        "--": 23,
        "AC": 41,
        "AL": 386,
        "AM": 172,
        "AP": 53,
        "BA": 1932,
        "CE": 1425,
        "DF": 839,
        "ES": 619,
        "GO": 989,
        "MA": 487,
        "MG": 3478,
        "MS": 205,
        "MT": 288,
        "PA": 436,
        "PB": 553,
        "PE": 1188,
        "PI": 357,
        "PR": 1375,
        "RJ": 2954,
        "RN": 539,
        "RO": 126,
        "RR": 27,
        "RS": 1218,
        "SC": 1061,
        "SE": 277,
        "SP": 9423,
        "TO": 113,
        "ta": 5
    },
    "sentiments": {
        "negative": 0,
        "negative_medium": 0,
        "neutral": 30590,
        "positive": 0,
        "positive_medium": 0
    },
    "success": true,
    "topics": [
        {
            "word_cloud": {
                "br": 0.38461538461538464,
                "cancelamento": 0.15384615384615385,
                "cartao": 1,
                "compra": 0.15384615384615385,
                "consigo": 0.15384615384615385,
                "dia": 0.15384615384615385,
                "dinheiro": 0.15384615384615385,
                "email": 0.15384615384615385,
                "evcs": 0.15384615384615385,
                "evolta": 0.15384615384615385,
                "fatura": 0.5384615384615384,
                "fazer": 0.23076923076923078,
                "fevererio": 0.15384615384615385,
                "funciona": 0.15384615384615385,
                "nao": 0.23076923076923078,
                "nenhuma": 0.15384615384615385,
                "nuero": 0.15384615384615385,
                "parque": 0.23076923076923078,
                "quero": 0.38461538461538464,
                "valor": 0.15384615384615385
            },
            "words": "latam mercpago pfvr falarao memso desbloqueiar nuwbank banestes mecpago tei confirmadas obgdo pernambucanas dinheito parque urgentimente meum limiti tar cell"
        },
        {
            "word_cloud": {
                "agora": 0.13828615486287035,
                "ainda": 0.16174688842383522,
                "aplicativo": 0.1263354995043507,
                "assim": 0.15959907478797225,
                "banco": 0.1407644013657892,
                "br br": 1,
                "cartao credito": 0.3286705584315453,
                "cliente": 0.1760105738517458,
                "editado reclame": 0.18058156184601828,
                "empresa": 0.24215221940742374,
                "entao": 0.10838198039431655,
                "entrei contato": 0.21847119726842162,
                "nada": 0.11647758563718472,
                "poi": 0.24551162022249146,
                "porem": 0.20883357197929286,
                "porque": 0.15992950765502809,
                "problema": 0.12033263575283622,
                "quot": 0.21241326137239785,
                "reclame aqui": 0.19710320519881044,
                "sendo": 0.13272386826743032
            },
            "words": "br cartao dia conta limite valor fatura credito fiz compra pois pra fazer empresa pagamento quero nada porem dias consigo"
        },
        {
            "word_cloud": {
                "abri": 0.3333333333333333,
                "ai": 0.6666666666666666,
                "arumei": 0.3333333333333333,
                "cartao": 0.6666666666666666,
                "consigo": 0.6666666666666666,
                "conta": 1,
                "contra": 0.6666666666666666,
                "cpf": 0.3333333333333333,
                "entra": 0.3333333333333333,
                "fica": 0.3333333333333333,
                "mail": 0.6666666666666666,
                "nome": 0.6666666666666666,
                "otro": 0.3333333333333333,
                "pensano": 0.3333333333333333,
                "pidino": 0.3333333333333333,
                "probrema": 0.3333333333333333,
                "resolveno": 0.3333333333333333,
                "sociedade": 0.6666666666666666,
                "tava": 0.3333333333333333,
                "todo": 1
            },
            "words": "vindas carrefour kit listra fis analize experimentando cabem concertar ajeitar entar indereco apagassem uai duplicacao sol marques camisa yellow tecnolo"
        },
        {
            "word_cloud": {
                "box": 0.3,
                "br": 1,
                "cartao": 0.6,
                "compras": 0.2,
                "conta": 0.2,
                "credito": 0.2,
                "dado": 0.3,
                "dinheiro": 0.2,
                "fase": 0.1,
                "fatura": 0.2,
                "light": 0.3,
                "netsupport": 0.2,
                "outro": 0.2,
                "protetor": 0.2,
                "sendo": 0.2,
                "site": 0.2,
                "stan": 0.3,
                "tetei": 0.1,
                "traferesa": 0.1,
                "transacoes": 0.2
            },
            "words": "abaixa confeccionar fazndo comecariam bolsinha checadas requeridas exclamacao reenviem excluissem avancou the removesse elias muinto excluem obito dero seguradora adiquirir"
        }
    ]
}